qseqid,sseqid,pident,length,mismatch,gapopen,qstart,qend,sstart,send,evalue,bitscore
V7AZL8.1,V7AZL8.1,100.000,354,0,0,1,354,1,354,0.0,719
V7AZL8.1,A0A445BPW7.1,64.970,334,107,3,14,346,4,328,1.85e-141,402
V7AZL8.1,A0A9D5AS74.1,66.667,330,98,3,17,346,23,340,1.68e-132,380
V7AZL8.1,A0A4P1RTN8.1,63.739,353,104,7,1,347,1,335,1.43e-131,377
V7AZL8.1,A0A445G487.1,68.847,321,88,3,11,331,13,321,2.41e-130,373
V7AZL8.1,A0A8B8MFL1.1,75.089,281,67,2,51,331,1,278,2.21e-118,341
V7AZL8.1,A0A061FV42.1,57.726,343,132,6,3,340,4,338,4.24e-118,337
V7AZL8.1,A0A7J7C9N5.1,62.229,323,113,4,28,346,29,346,3.14e-117,341
V7AZL8.1,A0A6P5YBE8.1,58.754,337,122,6,16,346,19,344,7.70e-115,335
V7AZL8.1,M1CKX2.1,57.465,355,133,7,1,346,1,346,7.94e-112,327
V7AZL8.1,A0A059CY44.1,57.353,340,131,4,17,346,16,351,3.44e-107,315
V7AZL8.1,A0A1R3IG29.1,58.000,350,131,7,5,346,7,348,1.65e-101,301
V7AZL8.1,A0A6P6X6Z4.1,54.017,361,143,8,1,346,1,353,1.16e-100,298
V7AZL8.1,A0A6A6MU27.1,59.893,187,72,2,14,200,18,201,1.22e-72,224
V7AZL8.1,A0A1R3HBE1.1,54.396,182,74,4,3,178,4,182,9.52e-52,169
V7AZL8.1,J3KVP0.1,35.714,322,170,7,28,331,11,313,6.32e-49,162
V7AZL8.1,A0A9E7LCR9.1,40.810,321,164,6,45,343,95,411,3.90e-39,137
V7AZL8.1,A0A804PSI5.1,41.964,224,85,6,49,269,35,216,9.58e-39,134
V7AZL8.1,A0A8T2QHP0.1,37.450,251,126,8,41,269,67,308,2.36e-31,115
V7AZL8.1,A0A8T2T131.1,31.250,272,141,8,51,298,65,314,1.53e-24,95.5
A0A8T2QHP0.1,A0A8T2QHP0.1,100.000,612,0,0,1,612,1,612,0.0,1249
A0A8T2QHP0.1,A0A8T2T131.1,43.429,624,294,16,1,603,1,586,3.87e-128,381
A0A8T2QHP0.1,A0A6P6X6Z4.1,39.344,244,125,6,70,308,47,272,1.13e-37,137
A0A8T2QHP0.1,M1CKX2.1,38.000,250,138,6,71,319,45,278,6.26e-37,135
A0A8T2QHP0.1,A0A061FV42.1,38.430,242,125,6,71,308,48,269,6.63e-37,132
A0A8T2QHP0.1,A0A6P5YBE8.1,39.669,242,122,8,71,308,48,269,1.11e-34,129
A0A8T2QHP0.1,A0A7J7C9N5.1,38.235,238,132,6,71,308,46,268,2.26e-34,127
A0A8T2QHP0.1,A0A6A6MU27.1,37.079,178,82,3,71,236,48,207,9.68e-33,122
A0A8T2QHP0.1,A0A1R3IG29.1,35.593,236,136,3,71,306,52,271,9.63e-32,120
A0A8T2QHP0.1,V7AZL8.1,37.450,251,126,8,67,308,41,269,4.45e-31,115
A0A8T2QHP0.1,A0A059CY44.1,36.179,246,126,5,71,308,44,266,7.05e-31,117
A0A8T2QHP0.1,A0A4P1RTN8.1,29.209,493,243,21,71,502,47,494,1.19e-30,116
A0A8T2QHP0.1,A0A8B8MFL1.1,40.994,161,86,5,77,236,1,153,8.34e-30,113
A0A8T2QHP0.1,A0A9D5AS74.1,33.600,250,127,6,71,308,51,273,9.02e-30,114
A0A8T2QHP0.1,A0A445BPW7.1,35.565,239,117,7,71,300,35,245,1.76e-29,112
A0A8T2QHP0.1,A0A445G487.1,29.454,421,222,14,71,458,47,425,4.20e-29,111
A0A8T2QHP0.1,J3KVP0.1,30.315,254,141,6,74,319,28,253,2.03e-28,108
A0A8T2QHP0.1,A0A1R3HBE1.1,40.541,148,67,2,71,211,52,185,1.36e-24,97.1
A0A8T2QHP0.1,A0A804PSI5.1,31.799,239,105,6,73,308,33,216,1.96e-19,81.6
A0A8T2QHP0.1,A0A9E7LCR9.1,28.140,430,226,15,77,453,101,500,2.78e-19,81.6
A0A4P1RTN8.1,A0A4P1RTN8.1,100.000,500,0,0,1,500,1,500,0.0,1009
A0A4P1RTN8.1,A0A445G487.1,71.800,500,113,3,1,496,1,476,0.0,632
A0A4P1RTN8.1,A0A9D5AS74.1,69.860,501,121,7,19,495,23,517,0.0,607
A0A4P1RTN8.1,A0A445BPW7.1,60.843,498,165,4,19,493,7,497,0.0,529
A0A4P1RTN8.1,A0A7J7C9N5.1,55.832,523,198,5,1,491,1,522,1.61e-177,501
A0A4P1RTN8.1,A0A6P5YBE8.1,55.323,526,192,8,3,492,4,522,7.37e-167,474
A0A4P1RTN8.1,A0A1R3IG29.1,54.962,524,192,9,7,492,10,527,1.97e-160,457
A0A4P1RTN8.1,A0A8B8MFL1.1,63.124,461,142,7,53,500,1,446,5.35e-160,453
A0A4P1RTN8.1,A0A059CY44.1,53.578,517,192,8,18,495,15,522,2.24e-147,424
A0A4P1RTN8.1,M1CKX2.1,52.591,521,206,10,1,489,1,512,2.07e-143,414
A0A4P1RTN8.1,A0A6A6MU27.1,50.000,500,167,12,1,477,1,440,1.32e-141,406
A0A4P1RTN8.1,A0A6P6X6Z4.1,49.531,533,221,12,1,493,1,525,2.95e-128,375
A0A4P1RTN8.1,V7AZL8.1,63.739,353,104,7,1,335,1,347,1.21e-120,349
A0A4P1RTN8.1,A0A061FV42.1,59.459,333,115,6,1,317,1,329,6.14e-113,330
A0A4P1RTN8.1,A0A9E7LCR9.1,36.140,487,232,11,19,463,73,522,7.19e-63,206
A0A4P1RTN8.1,A0A1R3HBE1.1,54.412,204,68,5,311,492,211,411,4.42e-60,195
A0A4P1RTN8.1,J3KVP0.1,33.663,404,220,12,51,439,29,399,5.85e-54,179
A0A4P1RTN8.1,A0A804PSI5.1,35.211,426,181,16,51,439,35,402,6.46e-47,160
A0A4P1RTN8.1,A0A8T2QHP0.1,29.209,493,243,21,47,494,71,502,3.60e-32,120
A0A4P1RTN8.1,A0A8T2T131.1,34.498,229,131,5,47,257,59,286,7.87e-28,107
A0A7J7C9N5.1,A0A7J7C9N5.1,100.000,524,0,0,1,524,1,524,0.0,1065
A0A7J7C9N5.1,A0A6P5YBE8.1,67.235,528,160,6,1,522,1,521,0.0,631
A0A7J7C9N5.1,A0A1R3IG29.1,67.358,530,156,8,3,522,4,526,0.0,602
A0A7J7C9N5.1,A0A059CY44.1,62.475,509,175,4,23,524,21,520,0.0,532
A0A7J7C9N5.1,M1CKX2.1,60.190,525,191,10,1,520,1,512,1.21e-177,502
A0A7J7C9N5.1,A0A4P1RTN8.1,55.832,523,198,5,1,522,1,491,2.78e-177,500
A0A7J7C9N5.1,A0A6P6X6Z4.1,57.993,538,199,12,1,524,1,525,2.08e-171,486
A0A7J7C9N5.1,A0A9D5AS74.1,55.969,511,204,5,14,522,19,510,1.47e-166,474
A0A7J7C9N5.1,A0A445BPW7.1,52.692,520,220,6,7,524,2,497,1.79e-159,454
A0A7J7C9N5.1,A0A445G487.1,53.333,525,192,4,1,524,1,473,5.64e-151,432
A0A7J7C9N5.1,A0A061FV42.1,70.760,342,94,4,1,340,1,338,1.06e-150,427
A0A7J7C9N5.1,A0A8B8MFL1.1,52.431,473,188,7,52,522,1,438,2.63e-120,353
A0A7J7C9N5.1,V7AZL8.1,61.491,322,117,3,29,346,28,346,5.33e-115,336
A0A7J7C9N5.1,A0A6A6MU27.1,65.957,235,79,1,277,510,208,442,1.37e-98,297
A0A7J7C9N5.1,A0A1R3HBE1.1,63.485,241,77,4,287,522,176,410,3.05e-88,269
A0A7J7C9N5.1,A0A9E7LCR9.1,38.416,505,234,11,43,514,92,552,1.11e-62,206
A0A7J7C9N5.1,J3KVP0.1,34.025,482,233,19,50,515,29,441,7.07e-56,185
A0A7J7C9N5.1,A0A804PSI5.1,32.797,497,222,17,50,512,35,453,4.19e-48,164
A0A7J7C9N5.1,A0A8T2QHP0.1,38.235,238,132,5,46,268,71,308,1.70e-34,127
A0A7J7C9N5.1,A0A8T2T131.1,36.680,259,139,6,46,284,59,312,2.26e-33,124
A0A9D5AS74.1,A0A9D5AS74.1,100.000,523,0,0,1,523,1,523,0.0,1059
A0A9D5AS74.1,A0A4P1RTN8.1,69.349,522,123,9,4,517,3,495,0.0,631
A0A9D5AS74.1,A0A445G487.1,68.762,509,117,4,17,523,13,481,0.0,597
A0A9D5AS74.1,A0A445BPW7.1,58.730,504,187,6,21,514,5,497,0.0,529
A0A9D5AS74.1,A0A7J7C9N5.1,55.766,529,208,6,1,510,1,522,3.13e-180,508
A0A9D5AS74.1,A0A6P5YBE8.1,54.898,541,211,10,1,521,1,528,6.11e-171,485
A0A9D5AS74.1,A0A1R3IG29.1,56.124,547,200,13,1,521,1,533,6.96e-162,462
A0A9D5AS74.1,A0A059CY44.1,54.442,529,202,8,13,514,6,522,3.57e-153,439
A0A9D5AS74.1,M1CKX2.1,55.533,497,193,9,28,507,22,507,7.30e-152,436
A0A9D5AS74.1,A0A8B8MFL1.1,57.588,481,156,9,57,523,1,447,4.43e-150,429
A0A9D5AS74.1,A0A6P6X6Z4.1,54.684,459,179,9,46,482,43,494,7.43e-138,400
A0A9D5AS74.1,V7AZL8.1,64.928,345,105,4,8,340,6,346,3.32e-130,375
A0A9D5AS74.1,A0A061FV42.1,60.983,346,115,6,1,334,1,338,4.03e-123,357
A0A9D5AS74.1,A0A6A6MU27.1,46.947,475,186,11,9,478,7,420,5.79e-115,339
A0A9D5AS74.1,A0A1R3HBE1.1,54.587,218,77,8,317,521,209,417,7.59e-60,194
A0A9D5AS74.1,J3KVP0.1,30.734,436,213,10,55,463,29,402,1.16e-55,184
A0A9D5AS74.1,A0A9E7LCR9.1,36.501,463,217,8,51,477,95,516,3.48e-54,182
A0A9D5AS74.1,A0A804PSI5.1,32.409,469,217,13,55,490,35,436,1.77e-46,159
A0A9D5AS74.1,A0A8T2QHP0.1,36.471,255,137,9,38,273,60,308,4.78e-31,117
A0A9D5AS74.1,A0A8T2T131.1,34.348,230,134,6,51,265,59,286,5.40e-25,99.0
A0A1R3HBE1.1,A0A1R3HBE1.1,100.000,419,0,0,1,419,1,419,0.0,847
A0A1R3HBE1.1,A0A6A6MU27.1,61.521,447,111,8,5,398,4,442,3.82e-172,481
A0A1R3HBE1.1,A0A1R3IG29.1,97.391,230,6,0,190,419,306,535,3.28e-165,466
A0A1R3HBE1.1,A0A6P5YBE8.1,80.435,230,44,1,190,419,302,530,1.05e-124,363
A0A1R3HBE1.1,A0A061FV42.1,83.243,185,27,3,1,185,1,181,1.86e-101,297
A0A1R3HBE1.1,A0A7J7C9N5.1,63.485,241,77,4,176,410,287,522,4.50e-89,271
A0A1R3HBE1.1,M1CKX2.1,64.246,179,54,4,10,185,8,179,6.31e-64,205
A0A1R3HBE1.1,A0A059CY44.1,57.212,208,71,4,210,413,329,522,5.86e-62,200
A0A1R3HBE1.1,A0A4P1RTN8.1,53.947,228,77,6,190,411,287,492,5.18e-60,194
A0A1R3HBE1.1,A0A445G487.1,63.975,161,55,2,23,182,20,178,1.29e-57,187
A0A1R3HBE1.1,A0A9D5AS74.1,53.441,247,90,9,183,417,288,521,2.30e-57,188
A0A1R3HBE1.1,V7AZL8.1,54.595,185,69,5,4,182,3,178,5.59e-57,182
A0A1R3HBE1.1,A0A445BPW7.1,51.293,232,93,6,187,412,280,497,5.90e-57,186
A0A1R3HBE1.1,A0A6P6X6Z4.1,54.369,206,82,5,210,413,331,526,9.83e-56,183
A0A1R3HBE1.1,A0A8B8MFL1.1,61.240,129,49,1,58,185,1,129,2.45e-46,156
A0A1R3HBE1.1,J3KVP0.1,51.111,135,54,3,56,185,29,156,3.29e-34,123
A0A1R3HBE1.1,A0A8T2QHP0.1,42.568,148,64,3,52,185,71,211,9.93e-29,108
A0A1R3HBE1.1,A0A8T2T131.1,43.919,148,60,5,52,185,59,197,4.65e-28,107
A0A1R3HBE1.1,A0A804PSI5.1,53.704,108,38,3,56,160,35,133,9.97e-28,105
A0A1R3HBE1.1,A0A9E7LCR9.1,71.642,67,18,1,49,115,92,157,2.02e-25,99.0
A0A1R3IG29.1,A0A1R3IG29.1,100.000,535,0,0,1,535,1,535,0.0,1087
A0A1R3IG29.1,A0A6P5YBE8.1,81.308,535,95,4,1,535,1,530,0.0,807
A0A1R3IG29.1,A0A7J7C9N5.1,67.358,530,156,8,4,526,3,522,0.0,625
A0A1R3IG29.1,A0A061FV42.1,86.257,342,43,3,1,342,1,338,0.0,543
A0A1R3IG29.1,M1CKX2.1,61.626,529,173,13,7,525,5,513,7.44e-180,508
A0A1R3IG29.1,A0A059CY44.1,57.854,522,189,9,23,529,17,522,1.67e-169,481
A0A1R3IG29.1,A0A4P1RTN8.1,55.810,525,186,10,10,527,7,492,7.54e-168,476
A0A1R3IG29.1,A0A1R3HBE1.1,97.391,230,6,0,306,535,190,419,4.19e-165,466
A0A1R3IG29.1,A0A9D5AS74.1,56.679,524,188,12,23,533,24,521,2.43e-161,461
A0A1R3IG29.1,A0A6P6X6Z4.1,55.926,540,203,14,7,529,5,526,2.30e-159,456
A0A1R3IG29.1,A0A445BPW7.1,52.794,519,213,12,18,528,3,497,1.83e-155,445
A0A1R3IG29.1,A0A445G487.1,53.216,513,174,9,23,528,20,473,5.64e-143,412
A0A1R3IG29.1,A0A8B8MFL1.1,50.515,485,191,10,58,533,1,445,1.03e-114,338
A0A1R3IG29.1,V7AZL8.1,57.507,353,128,8,7,348,5,346,7.64e-106,313
A0A1R3IG29.1,A0A6A6MU27.1,67.901,243,66,5,279,514,205,442,2.37e-100,301
A0A1R3IG29.1,J3KVP0.1,33.180,434,208,12,56,470,29,399,2.77e-54,181
A0A1R3IG29.1,A0A9E7LCR9.1,35.977,517,236,16,49,529,92,549,1.33e-52,179
A0A1R3IG29.1,A0A804PSI5.1,35.666,443,192,16,56,475,35,407,3.53e-51,172
A0A1R3IG29.1,A0A8T2T131.1,38.618,246,119,7,52,274,59,295,9.28e-35,129
A0A1R3IG29.1,A0A8T2QHP0.1,37.449,243,122,5,52,271,71,306,2.36e-34,127
A0A445BPW7.1,A0A445BPW7.1,100.000,498,0,0,1,498,1,498,0.0,1016
A0A445BPW7.1,A0A4P1RTN8.1,60.843,498,165,4,7,497,19,493,0.0,531
A0A445BPW7.1,A0A9D5AS74.1,58.730,504,187,6,5,497,21,514,0.0,513
A0A445BPW7.1,A0A445G487.1,57.937,504,156,5,4,497,16,473,1.17e-170,481
A0A445BPW7.1,A0A7J7C9N5.1,52.692,520,220,6,2,497,7,524,3.17e-163,464
A0A445BPW7.1,A0A8B8MFL1.1,63.478,460,139,5,41,494,1,437,8.05e-162,457
A0A445BPW7.1,A0A6P5YBE8.1,52.418,517,212,10,3,496,17,522,3.61e-152,436
A0A445BPW7.1,A0A1R3IG29.1,52.008,523,211,11,3,497,18,528,4.48e-152,436
A0A445BPW7.1,M1CKX2.1,54.527,486,199,10,4,472,14,494,2.22e-143,414
A0A445BPW7.1,A0A059CY44.1,52.410,498,199,10,5,476,14,499,8.27e-143,412
A0A445BPW7.1,A0A6P6X6Z4.1,51.613,496,217,10,21,497,34,525,1.14e-139,404
A0A445BPW7.1,V7AZL8.1,64.865,333,109,2,4,328,14,346,1.41e-132,380
A0A445BPW7.1,A0A061FV42.1,55.963,327,132,5,3,322,17,338,2.27e-105,310
A0A445BPW7.1,A0A6A6MU27.1,61.622,185,66,2,4,184,18,201,4.69e-71,224
A0A445BPW7.1,A0A1R3HBE1.1,52.427,206,81,5,306,497,210,412,2.87e-60,195
A0A445BPW7.1,J3KVP0.1,32.401,429,208,11,39,443,29,399,1.44e-57,189
A0A445BPW7.1,A0A9E7LCR9.1,36.864,491,242,12,7,469,73,523,1.76e-55,186
A0A445BPW7.1,A0A804PSI5.1,31.724,435,200,14,39,443,35,402,2.37e-42,147
A0A445BPW7.1,A0A8T2QHP0.1,35.146,239,118,7,35,245,71,300,9.39e-29,110
A0A445BPW7.1,A0A8T2T131.1,36.481,233,121,6,35,245,59,286,2.59e-27,105
A0A9E7LCR9.1,A0A9E7LCR9.1,100.000,558,0,0,1,558,1,558,0.0,1153
A0A9E7LCR9.1,A0A7J7C9N5.1,39.526,506,227,14,92,552,43,514,1.56e-75,240
A0A9E7LCR9.1,A0A4P1RTN8.1,38.538,506,231,13,54,522,1,463,9.75e-75,237
A0A9E7LCR9.1,A0A445G487.1,39.479,461,219,10,73,516,19,436,8.69e-74,234
A0A9E7LCR9.1,M1CKX2.1,39.558,498,214,14,92,537,42,504,2.74e-69,223
A0A9E7LCR9.1,A0A6P6X6Z4.1,36.918,558,258,21,54,549,1,526,1.87e-66,216
A0A9E7LCR9.1,A0A6P5YBE8.1,37.331,517,230,15,90,549,43,522,5.68e-65,212
A0A9E7LCR9.1,A0A804PSI5.1,36.364,440,184,13,101,509,37,411,6.85e-64,207
A0A9E7LCR9.1,A0A1R3IG29.1,35.536,560,276,18,54,554,1,534,2.59e-62,205
A0A9E7LCR9.1,J3KVP0.1,34.660,427,236,11,83,502,12,402,3.42e-62,202
A0A9E7LCR9.1,A0A445BPW7.1,37.931,493,234,14,73,523,7,469,9.96e-62,202
A0A9E7LCR9.1,A0A9D5AS74.1,36.739,460,220,8,95,516,51,477,3.85e-60,199
A0A9E7LCR9.1,A0A059CY44.1,34.200,500,264,10,95,551,44,521,3.19e-57,191
A0A9E7LCR9.1,A0A061FV42.1,40.000,355,177,7,54,398,1,329,7.15e-54,178
A0A9E7LCR9.1,A0A8B8MFL1.1,38.952,439,216,10,101,516,1,410,1.15e-46,160
A0A9E7LCR9.1,V7AZL8.1,40.810,321,164,6,95,411,45,343,1.24e-42,147
A0A9E7LCR9.1,A0A6A6MU27.1,40.553,217,101,6,54,260,1,199,6.56e-35,127
A0A9E7LCR9.1,A0A8T2QHP0.1,28.972,428,225,16,101,500,77,453,1.20e-25,101
A0A9E7LCR9.1,A0A1R3HBE1.1,71.642,67,18,1,92,157,49,115,2.54e-25,99.0
A0A9E7LCR9.1,A0A8T2T131.1,34.672,274,125,10,101,344,65,314,3.93e-25,99.8
A0A061FV42.1,A0A061FV42.1,100.000,359,0,0,1,359,1,359,0.0,725
A0A061FV42.1,A0A6P5YBE8.1,85.799,338,48,0,1,338,1,338,0.0,542
A0A061FV42.1,A0A1R3IG29.1,86.257,342,43,3,1,338,1,342,4.78e-179,499
A0A061FV42.1,A0A7J7C9N5.1,70.760,342,94,4,1,338,1,340,1.47e-148,421
A0A061FV42.1,M1CKX2.1,63.743,342,113,5,4,338,3,340,7.93e-128,368
A0A061FV42.1,A0A9D5AS74.1,61.682,321,108,3,22,338,25,334,1.07e-119,347
A0A061FV42.1,A0A4P1RTN8.1,59.459,333,115,6,1,329,1,317,3.13e-117,340
A0A061FV42.1,A0A6P6X6Z4.1,61.449,345,111,8,10,338,9,347,9.32e-115,335
A0A061FV42.1,A0A445G487.1,61.218,312,106,3,22,329,21,321,9.68e-115,333
A0A061FV42.1,A0A059CY44.1,59.756,328,121,3,22,338,18,345,1.30e-111,327
A0A061FV42.1,V7AZL8.1,57.726,343,132,6,4,338,3,340,3.07e-111,320
A0A061FV42.1,A0A445BPW7.1,55.963,327,132,5,17,338,3,322,1.64e-108,318
A0A061FV42.1,A0A1R3HBE1.1,83.243,185,27,3,1,181,1,185,9.54e-88,262
A0A061FV42.1,A0A6A6MU27.1,67.164,201,63,3,1,199,1,200,2.85e-85,257
A0A061FV42.1,A0A8B8MFL1.1,58.511,282,107,5,54,329,1,278,4.41e-83,251
A0A061FV42.1,J3KVP0.1,36.250,320,170,7,52,351,29,334,2.82e-53,173
A0A061FV42.1,A0A9E7LCR9.1,41.479,311,152,5,45,329,92,398,1.17e-46,158
A0A061FV42.1,A0A804PSI5.1,37.631,287,124,8,52,321,35,283,6.53e-39,135
A0A061FV42.1,A0A8T2QHP0.1,39.669,242,122,7,48,269,71,308,1.63e-37,133
A0A061FV42.1,A0A8T2T131.1,38.983,236,116,6,48,262,59,287,8.66e-35,125
A0A6P6X6Z4.1,A0A6P6X6Z4.1,100.000,526,0,0,1,526,1,526,0.0,1063
A0A6P6X6Z4.1,M1CKX2.1,65.524,525,164,11,1,521,1,512,0.0,558
A0A6P6X6Z4.1,A0A7J7C9N5.1,57.993,538,199,12,1,525,1,524,0.0,520
A0A6P6X6Z4.1,A0A6P5YBE8.1,55.805,534,201,14,9,526,10,524,2.33e-164,468
A0A6P6X6Z4.1,A0A059CY44.1,58.776,490,174,9,34,510,30,504,3.80e-162,462
A0A6P6X6Z4.1,A0A1R3IG29.1,55.413,545,198,16,5,526,7,529,2.82e-161,461
A0A6P6X6Z4.1,A0A445BPW7.1,51.613,496,217,10,34,525,21,497,6.61e-149,428
A0A6P6X6Z4.1,A0A9D5AS74.1,53.863,466,172,10,43,494,46,482,8.10e-140,405
A0A6P6X6Z4.1,A0A4P1RTN8.1,49.531,533,221,12,1,525,1,493,6.43e-137,397
A0A6P6X6Z4.1,A0A445G487.1,47.002,517,209,10,17,526,16,474,4.44e-118,348
A0A6P6X6Z4.1,A0A061FV42.1,60.684,351,116,8,3,347,4,338,1.84e-116,340
A0A6P6X6Z4.1,A0A8B8MFL1.1,48.954,478,202,11,54,526,1,441,9.24e-104,310
A0A6P6X6Z4.1,V7AZL8.1,54.017,361,143,8,1,353,1,346,6.54e-101,300
A0A6P6X6Z4.1,A0A6A6MU27.1,59.606,203,74,4,1,199,1,199,2.71e-69,221
A0A6P6X6Z4.1,J3KVP0.1,35.142,424,224,9,52,474,29,402,9.16e-65,209
A0A6P6X6Z4.1,A0A1R3HBE1.1,55.450,211,72,7,331,526,210,413,5.49e-64,206
A0A6P6X6Z4.1,A0A804PSI5.1,36.281,441,191,17,52,473,35,404,1.18e-53,179
A0A6P6X6Z4.1,A0A9E7LCR9.1,35.091,550,279,16,1,526,54,549,1.74e-53,181
A0A6P6X6Z4.1,A0A8T2QHP0.1,39.344,244,125,6,47,272,70,308,6.78e-36,132
A0A6P6X6Z4.1,A0A8T2T131.1,35.897,234,131,6,47,265,58,287,1.30e-28,110
A0A059CY44.1,A0A059CY44.1,100.000,522,0,0,1,522,1,522,0.0,1069
A0A059CY44.1,A0A7J7C9N5.1,62.475,509,175,4,21,520,23,524,0.0,576
A0A059CY44.1,A0A6P5YBE8.1,59.806,515,180,8,17,518,21,521,2.64e-180,509
A0A059CY44.1,A0A1R3IG29.1,58.429,522,186,9,17,522,23,529,2.28e-176,499
A0A059CY44.1,A0A6P6X6Z4.1,58.776,490,174,9,30,504,34,510,5.03e-165,470
A0A059CY44.1,A0A9D5AS74.1,55.364,522,194,8,13,522,20,514,2.96e-162,462
A0A059CY44.1,A0A4P1RTN8.1,54.932,517,185,8,15,522,18,495,1.04e-161,460
A0A059CY44.1,M1CKX2.1,56.275,510,192,11,20,516,21,512,2.50e-158,452
A0A059CY44.1,A0A445BPW7.1,52.941,493,204,8,14,499,5,476,6.25e-154,441
A0A059CY44.1,A0A445G487.1,49.807,518,192,7,14,522,17,475,3.31e-134,389
A0A059CY44.1,A0A6A6MU27.1,46.881,497,175,13,16,502,21,438,3.68e-122,357
A0A059CY44.1,A0A061FV42.1,62.195,328,113,4,18,345,22,338,9.19e-121,350
A0A059CY44.1,V7AZL8.1,57.353,340,131,4,16,351,17,346,2.21e-109,321
A0A059CY44.1,A0A8B8MFL1.1,48.649,481,192,9,50,518,1,438,3.65e-108,322
A0A059CY44.1,A0A1R3HBE1.1,57.212,208,71,4,329,522,210,413,6.58e-70,221
A0A059CY44.1,J3KVP0.1,31.866,477,249,13,48,513,29,440,1.12e-57,190
A0A059CY44.1,A0A9E7LCR9.1,33.600,500,267,10,44,521,95,551,3.73e-55,185
A0A059CY44.1,A0A804PSI5.1,34.498,458,203,17,48,484,35,416,1.53e-47,162
A0A059CY44.1,A0A8T2QHP0.1,36.585,246,125,6,44,266,71,308,1.19e-31,119
A0A059CY44.1,A0A8T2T131.1,34.231,260,144,8,44,282,59,312,3.55e-25,99.8
A0A804PSI5.1,A0A804PSI5.1,100.000,457,0,0,1,457,1,457,0.0,929
A0A804PSI5.1,J3KVP0.1,44.366,426,159,11,20,404,13,401,2.76e-97,291
A0A804PSI5.1,M1CKX2.1,36.322,435,191,16,35,402,49,464,8.93e-46,157
A0A804PSI5.1,A0A1R3IG29.1,34.318,440,202,13,35,407,56,475,1.35e-43,152
A0A804PSI5.1,A0A6P6X6Z4.1,34.676,447,190,16,35,404,52,473,4.38e-43,150
A0A804PSI5.1,A0A4P1RTN8.1,35.211,426,181,16,35,402,51,439,7.14e-42,146
A0A804PSI5.1,A0A445G487.1,33.019,424,173,12,35,402,51,419,1.07e-41,145
A0A804PSI5.1,A0A6P5YBE8.1,33.830,470,211,18,35,434,52,491,4.32e-41,144
A0A804PSI5.1,A0A7J7C9N5.1,41.629,221,88,4,35,216,50,268,1.87e-39,140
A0A804PSI5.1,A0A9D5AS74.1,32.143,504,235,15,4,436,23,490,2.95e-38,136
A0A804PSI5.1,A0A061FV42.1,37.631,287,124,8,35,283,52,321,2.16e-36,128
A0A804PSI5.1,V7AZL8.1,41.964,224,85,6,35,216,49,269,4.01e-36,127
A0A804PSI5.1,A0A445BPW7.1,31.494,435,201,13,35,402,39,443,8.56e-36,129
A0A804PSI5.1,A0A9E7LCR9.1,31.232,349,185,7,126,456,242,553,5.84e-34,124
A0A804PSI5.1,A0A6A6MU27.1,32.029,409,179,16,35,402,52,402,7.32e-31,114
A0A804PSI5.1,A0A8B8MFL1.1,40.000,220,89,5,37,216,1,217,6.65e-30,112
A0A804PSI5.1,A0A1R3HBE1.1,73.333,60,16,0,35,94,56,115,3.42e-25,97.8
A0A804PSI5.1,A0A8T2QHP0.1,53.750,80,34,1,7,86,50,126,6.91e-20,82.8
A0A804PSI5.1,A0A8T2T131.1,69.231,52,16,0,35,86,63,114,1.36e-18,78.6
A0A804PSI5.1,A0A059CY44.1,37.190,121,54,7,309,416,373,484,5.53e-04,32.3
A0A6A6MU27.1,A0A6A6MU27.1,100.000,447,0,0,1,447,1,447,0.0,912
A0A6A6MU27.1,A0A1R3HBE1.1,61.074,447,113,8,4,442,5,398,1.35e-160,451
A0A6A6MU27.1,A0A4P1RTN8.1,50.000,500,167,12,1,440,1,477,3.64e-142,407
A0A6A6MU27.1,A0A445G487.1,45.806,465,187,8,18,440,16,457,1.05e-112,332
A0A6A6MU27.1,A0A1R3IG29.1,67.901,243,66,5,205,442,279,514,9.64e-99,297
A0A6A6MU27.1,A0A6P5YBE8.1,65.702,242,72,4,205,442,275,509,2.62e-98,296
A0A6A6MU27.1,A0A7J7C9N5.1,65.957,235,79,1,208,442,277,510,4.28e-98,295
A0A6A6MU27.1,A0A061FV42.1,67.164,201,63,3,1,200,1,199,1.11e-84,255
A0A6A6MU27.1,A0A059CY44.1,68.508,181,56,1,21,200,16,196,6.37e-73,230
A0A6A6MU27.1,V7AZL8.1,59.893,187,72,2,18,201,14,200,1.58e-72,224
A0A6A6MU27.1,A0A445BPW7.1,61.622,185,66,2,18,201,4,184,1.43e-71,226
A0A6A6MU27.1,A0A9D5AS74.1,61.702,188,69,2,21,205,23,210,1.78e-70,223
A0A6A6MU27.1,M1CKX2.1,61.165,206,69,6,1,202,1,199,1.16e-69,221
A0A6A6MU27.1,A0A6P6X6Z4.1,59.606,203,74,4,1,199,1,199,2.97e-69,220
A0A6A6MU27.1,A0A8B8MFL1.1,62.838,148,55,0,54,201,1,148,3.84e-61,197
A0A6A6MU27.1,J3KVP0.1,44.156,154,73,3,52,200,29,174,1.17e-37,134
A0A6A6MU27.1,A0A8T2QHP0.1,37.079,178,82,3,48,207,71,236,1.30e-32,121
A0A6A6MU27.1,A0A804PSI5.1,44.898,147,46,4,52,198,35,146,3.58e-28,107
A0A6A6MU27.1,A0A8T2T131.1,37.975,158,84,3,48,196,59,211,5.84e-28,107
A0A6A6MU27.1,A0A9E7LCR9.1,38.021,192,92,5,19,192,71,253,2.15e-26,102
A0A8T2T131.1,A0A8T2T131.1,100.000,593,0,0,1,593,1,593,0.0,1224
A0A8T2T131.1,A0A8T2QHP0.1,43.960,596,277,15,1,558,1,577,3.22e-122,365
A0A8T2T131.1,A0A061FV42.1,38.559,236,117,6,59,287,48,262,5.85e-32,117
A0A8T2T131.1,A0A7J7C9N5.1,36.293,259,140,6,59,312,46,284,9.67e-32,119
A0A8T2T131.1,A0A1R3IG29.1,35.802,243,130,5,59,295,52,274,5.29e-30,114
A0A8T2T131.1,A0A6P6X6Z4.1,34.615,234,134,5,58,287,47,265,3.11e-28,109
A0A8T2T131.1,M1CKX2.1,33.200,250,140,5,59,301,45,274,4.33e-28,108
A0A8T2T131.1,A0A6A6MU27.1,37.975,158,84,3,59,211,48,196,8.73e-28,107
A0A8T2T131.1,J3KVP0.1,30.196,255,152,6,63,313,29,261,2.61e-27,105
A0A8T2T131.1,A0A4P1RTN8.1,37.013,154,87,2,59,211,47,191,6.41e-27,105
A0A8T2T131.1,A0A445BPW7.1,36.481,233,121,6,59,286,35,245,2.67e-26,103
A0A8T2T131.1,A0A8B8MFL1.1,39.189,148,84,3,65,211,1,143,1.31e-25,100
A0A8T2T131.1,A0A6P5YBE8.1,39.130,230,112,7,65,287,54,262,2.70e-25,100
A0A8T2T131.1,A0A1R3HBE1.1,39.007,141,77,2,59,197,52,185,1.07e-23,94.4
A0A8T2T131.1,A0A445G487.1,32.830,265,162,7,59,321,47,297,1.69e-23,94.4
A0A8T2T131.1,V7AZL8.1,34.940,166,78,5,65,217,51,199,3.77e-23,91.7
A0A8T2T131.1,A0A9D5AS74.1,34.839,155,95,2,59,212,51,200,1.18e-22,92.0
A0A8T2T131.1,A0A059CY44.1,33.852,257,149,7,59,312,44,282,1.24e-21,89.0
A0A8T2T131.1,A0A9E7LCR9.1,76.471,51,12,0,65,115,101,151,3.25e-21,87.8
A0A8T2T131.1,A0A804PSI5.1,69.231,52,16,0,63,114,35,86,1.76e-18,78.6
A0A8B8MFL1.1,A0A8B8MFL1.1,100.000,447,0,0,1,447,1,447,0.0,902
A0A8B8MFL1.1,A0A4P1RTN8.1,63.319,458,140,7,1,443,53,497,1.84e-175,492
A0A8B8MFL1.1,A0A445BPW7.1,63.478,460,139,5,1,437,41,494,2.36e-172,484
A0A8B8MFL1.1,A0A445G487.1,62.690,461,126,7,1,447,53,481,4.61e-162,457
A0A8B8MFL1.1,A0A9D5AS74.1,57.588,481,156,9,1,447,57,523,1.49e-157,447
A0A8B8MFL1.1,A0A7J7C9N5.1,52.431,473,188,7,1,438,52,522,6.89e-135,390
A0A8B8MFL1.1,A0A6P5YBE8.1,51.760,483,187,10,1,445,54,528,1.92e-128,374
A0A8B8MFL1.1,A0A1R3IG29.1,50.515,485,191,10,1,445,58,533,1.07e-120,354
A0A8B8MFL1.1,V7AZL8.1,75.089,281,67,2,1,278,51,331,9.62e-118,340
A0A8B8MFL1.1,A0A059CY44.1,48.649,481,192,9,1,438,50,518,7.31e-108,320
A0A8B8MFL1.1,A0A6P6X6Z4.1,48.739,476,206,9,1,441,54,526,1.04e-107,320
A0A8B8MFL1.1,M1CKX2.1,51.467,443,175,12,1,412,51,484,6.02e-104,310
A0A8B8MFL1.1,A0A061FV42.1,58.511,282,107,5,1,278,54,329,1.72e-88,265
A0A8B8MFL1.1,A0A6A6MU27.1,41.099,455,174,9,1,429,54,440,1.29e-84,258
A0A8B8MFL1.1,A0A9E7LCR9.1,36.975,476,223,13,1,437,101,538,4.12e-51,172
A0A8B8MFL1.1,J3KVP0.1,31.490,416,215,12,1,393,31,399,2.10e-45,155
A0A8B8MFL1.1,A0A1R3HBE1.1,31.236,461,200,12,1,445,58,417,2.85e-45,154
A0A8B8MFL1.1,A0A804PSI5.1,33.254,418,202,13,1,393,37,402,4.53e-41,143
A0A8B8MFL1.1,A0A8T2QHP0.1,40.994,161,86,5,1,153,77,236,6.94e-30,113
A0A8B8MFL1.1,A0A8T2T131.1,36.323,223,127,6,1,209,65,286,3.81e-27,104
A0A445G487.1,A0A445G487.1,100.000,481,0,0,1,481,1,481,0.0,979
A0A445G487.1,A0A4P1RTN8.1,72.400,500,110,3,1,476,1,496,0.0,665
A0A445G487.1,A0A9D5AS74.1,68.639,507,117,4,15,481,19,523,0.0,596
A0A445G487.1,A0A445BPW7.1,57.937,504,156,5,16,473,4,497,1.22e-178,502
A0A445G487.1,A0A7J7C9N5.1,53.333,525,192,4,1,473,1,524,1.02e-163,465
A0A445G487.1,A0A6P5YBE8.1,54.034,533,181,8,3,479,4,528,9.65e-159,452
A0A445G487.1,A0A8B8MFL1.1,62.690,461,126,7,53,481,1,447,3.05e-156,443
A0A445G487.1,M1CKX2.1,51.744,516,186,10,1,463,1,506,3.67e-141,407
A0A445G487.1,A0A1R3IG29.1,52.336,535,186,10,1,473,1,528,2.98e-140,405
A0A445G487.1,V7AZL8.1,68.168,333,92,4,1,321,1,331,4.65e-129,370
A0A445G487.1,A0A059CY44.1,49.614,518,193,6,17,475,14,522,8.89e-127,370
A0A445G487.1,A0A6A6MU27.1,46.541,477,198,9,1,457,1,440,4.00e-121,353
A0A445G487.1,A0A061FV42.1,59.760,333,118,4,1,321,1,329,1.73e-118,343
A0A445G487.1,A0A6P6X6Z4.1,46.729,535,215,12,1,474,1,526,5.27e-118,348
A0A445G487.1,A0A9E7LCR9.1,38.386,508,243,13,9,473,70,550,2.60e-68,219
A0A445G487.1,J3KVP0.1,34.184,392,214,9,51,419,29,399,3.74e-62,201
A0A445G487.1,A0A1R3HBE1.1,59.016,183,69,3,1,178,1,182,1.82e-55,182
A0A445G487.1,A0A804PSI5.1,33.732,418,178,12,51,419,35,402,5.31e-49,166
A0A445G487.1,A0A8T2QHP0.1,30.072,419,222,13,47,425,71,458,7.93e-35,128
A0A445G487.1,A0A8T2T131.1,32.963,270,155,7,47,297,59,321,4.46e-27,105
A0A6P5YBE8.1,A0A6P5YBE8.1,100.000,530,0,0,1,530,1,530,0.0,1085
A0A6P5YBE8.1,A0A1R3IG29.1,81.308,535,95,4,1,530,1,535,0.0,783
A0A6P5YBE8.1,A0A7J7C9N5.1,67.235,528,160,6,1,521,1,522,0.0,634
A0A6P5YBE8.1,A0A061FV42.1,85.799,338,48,0,1,338,1,338,0.0,549
A0A6P5YBE8.1,M1CKX2.1,57.974,533,195,12,8,527,7,523,9.25e-172,487
A0A6P5YBE8.1,A0A4P1RTN8.1,55.323,526,192,8,4,522,3,492,5.16e-170,482
A0A6P5YBE8.1,A0A059CY44.1,58.058,515,189,7,21,521,17,518,1.13e-169,482
A0A6P5YBE8.1,A0A9D5AS74.1,55.513,517,202,8,21,528,24,521,2.48e-163,466
A0A6P5YBE8.1,A0A6P6X6Z4.1,57.551,490,188,10,46,524,46,526,7.77e-163,464
A0A6P5YBE8.1,A0A445BPW7.1,52.418,517,212,10,17,522,3,496,1.60e-153,440
A0A6P5YBE8.1,A0A445G487.1,54.845,516,169,8,21,528,20,479,1.23e-152,437
A0A6P5YBE8.1,A0A6A6MU27.1,51.451,517,168,13,1,509,1,442,3.27e-149,427
A0A6P5YBE8.1,A0A1R3HBE1.1,80.435,230,44,1,302,530,190,419,9.01e-121,353
A0A6P5YBE8.1,A0A8B8MFL1.1,51.553,483,188,10,54,528,1,445,8.06e-116,341
A0A6P5YBE8.1,V7AZL8.1,58.754,337,122,6,19,344,16,346,1.94e-106,314
A0A6P5YBE8.1,A0A9E7LCR9.1,36.994,519,229,16,43,522,90,549,1.01e-58,195
A0A6P5YBE8.1,J3KVP0.1,34.043,423,218,9,52,465,29,399,6.05e-56,185
A0A6P5YBE8.1,A0A804PSI5.1,34.043,470,210,18,52,491,35,434,6.97e-48,164
A0A6P5YBE8.1,A0A8T2QHP0.1,36.630,273,141,10,48,296,71,335,4.66e-34,126
A0A6P5YBE8.1,A0A8T2T131.1,38.136,236,118,7,48,262,59,287,3.38e-30,115
J3KVP0.1,J3KVP0.1,100.000,451,0,0,1,451,1,451,0.0,919
J3KVP0.1,A0A804PSI5.1,42.796,465,175,13,28,446,34,453,2.27e-89,271
J3KVP0.1,M1CKX2.1,32.819,454,225,12,8,400,31,465,7.31e-51,171
J3KVP0.1,A0A6P6X6Z4.1,44.196,224,118,3,29,245,52,275,4.61e-50,169
J3KVP0.1,A0A7J7C9N5.1,32.777,479,243,16,29,441,50,515,1.63e-49,167
J3KVP0.1,A0A445G487.1,33.929,392,215,8,29,399,51,419,1.98e-49,166
J3KVP0.1,A0A9E7LCR9.1,33.333,423,247,8,12,402,83,502,3.03e-49,167
J3KVP0.1,A0A4P1RTN8.1,31.974,466,254,14,29,450,51,497,2.25e-45,155
J3KVP0.1,A0A061FV42.1,41.322,242,120,4,29,257,52,284,2.82e-45,152
J3KVP0.1,A0A445BPW7.1,32.401,429,208,11,29,399,39,443,3.85e-45,155
J3KVP0.1,A0A059CY44.1,30.707,495,231,14,29,440,48,513,2.85e-44,153
J3KVP0.1,A0A9D5AS74.1,29.400,483,247,11,29,444,55,510,2.89e-44,153
J3KVP0.1,A0A6P5YBE8.1,34.043,423,218,9,29,399,52,465,1.07e-43,152
J3KVP0.1,A0A1R3IG29.1,39.914,233,136,2,29,257,56,288,7.01e-41,144
J3KVP0.1,V7AZL8.1,38.760,258,146,4,11,257,28,284,3.94e-39,135
J3KVP0.1,A0A6A6MU27.1,44.156,154,73,3,29,174,52,200,8.87e-38,134
J3KVP0.1,A0A8B8MFL1.1,37.387,222,126,5,31,243,1,218,1.05e-31,117
J3KVP0.1,A0A1R3HBE1.1,48.462,130,65,1,29,156,56,185,1.00e-30,114
J3KVP0.1,A0A8T2T131.1,29.020,255,155,6,29,261,63,313,5.13e-25,98.2
J3KVP0.1,A0A8T2QHP0.1,28.626,262,135,5,28,253,74,319,6.29e-25,98.2
M1CKX2.1,M1CKX2.1,100.000,525,0,0,1,525,1,525,0.0,1067
M1CKX2.1,A0A6P6X6Z4.1,65.333,525,165,11,1,512,1,521,0.0,561
M1CKX2.1,A0A7J7C9N5.1,60.190,525,191,10,1,512,1,520,0.0,532
M1CKX2.1,A0A1R3IG29.1,61.815,529,172,13,5,513,7,525,1.39e-179,507
M1CKX2.1,A0A6P5YBE8.1,57.411,533,198,12,7,523,8,527,2.48e-175,496
M1CKX2.1,A0A9D5AS74.1,55.131,497,195,9,22,507,28,507,4.51e-154,442
M1CKX2.1,A0A059CY44.1,56.725,513,184,12,18,512,24,516,3.90e-152,437
M1CKX2.1,A0A4P1RTN8.1,52.783,521,205,10,1,512,1,489,2.03e-150,432
M1CKX2.1,A0A445BPW7.1,54.733,486,198,10,14,494,4,472,3.22e-148,426
M1CKX2.1,A0A445G487.1,51.859,511,183,10,1,501,1,458,2.53e-134,390
M1CKX2.1,A0A061FV42.1,63.743,342,113,5,3,340,4,338,7.57e-127,366
M1CKX2.1,A0A6A6MU27.1,46.821,519,182,15,1,502,1,442,2.59e-118,348
M1CKX2.1,V7AZL8.1,57.224,353,137,6,1,346,1,346,1.77e-104,309
M1CKX2.1,A0A8B8MFL1.1,51.693,443,174,12,51,484,1,412,1.37e-97,294
M1CKX2.1,A0A1R3HBE1.1,61.386,202,62,7,324,512,210,408,4.45e-68,216
M1CKX2.1,J3KVP0.1,33.260,454,223,13,31,465,8,400,3.47e-61,199
M1CKX2.1,A0A9E7LCR9.1,38.306,496,223,13,42,504,92,537,6.53e-55,185
M1CKX2.1,A0A804PSI5.1,36.322,435,191,16,49,464,35,402,2.28e-52,176
M1CKX2.1,A0A8T2QHP0.1,38.000,250,138,6,45,278,71,319,5.12e-37,135
M1CKX2.1,A0A8T2T131.1,34.400,250,137,6,45,274,59,301,3.11e-30,115
